{
  "H_plate": [
    [
      0.954922747236987,
      -0.008835183110459832,
      -202.69028208033046
    ],
    [
      -0.03002694851852156,
      -1.1903878322760306,
      153.167869916652
    ],
    [
      -0.0001199418629747159,
      0.0009853232516726074,
      1.0
    ]
  ],
  "H_robot": [
    [
      0.4583182825583646,
      0.036577305872552944,
      18.4959961443591
    ],
    [
      0.09960670937475191,
      0.4811667013098967,
      -32.47825923595184
    ],
    [
      -0.0011775512012185308,
      0.00032313650446530906,
      1.0
    ]
  ]
}